<?xml version="1.0" encoding="UTF-8"?>
<project-private xmlns="http://www.netbeans.org/ns/project-private/1">
    <editor-bookmarks xmlns="http://www.netbeans.org/ns/editor-bookmarks/2" lastBookmarkId="0"/>
    <open-files xmlns="http://www.netbeans.org/ns/projectui-open-files/2">
        <group>
            <file>file:/C:/Users/layla/Documents/NetBeansProjects/Project_train/src/project_train/Show_Window.java</file>
            <file>file:/C:/Users/layla/Documents/NetBeansProjects/Project_train/src/project_train/Bill_Window.java</file>
            <file>file:/C:/Users/layla/Documents/NetBeansProjects/Project_train/src/project_train/Main_Window.java</file>
            <file>file:/C:/Users/layla/Documents/NetBeansProjects/Project_train/src/project_train/Information_Window.java</file>
        </group>
    </open-files>
</project-private>
